author_id,paper_id
31717083,0000238f07f151172cf2602588ba762b55c8464b
2088997835,00002d31a8c758062a51d9a259313d81a5eaf399
2201143605,0000315635be19f6278dbc72597b3065fac405f0
2085549408,00005d68c6c7eb4d3c27da8242a30b9a498f991e
2233494639,000099f496c1d97729700a77931d98b28a42d5df
122495956,0000f2eb98405f7d4044761c1707a199ac6189bc
2182230504,00014314b1944a1f88395518466dd27dbd1e6597
2894523,0001732a8f4f8443731a16387dda81c61a7bf108
73775081,0001737302ae273dd1b7d3f144909c2d3f197a2b
1829777,0001a990b8268dbb9fa5e3461f5f62f5f13ead76
2056721044,0002b039d535279ca348c365b407c05e0784e73f
2159008991,0002b568154d66ae99ead0427c3f9795a46e9029
2152950465,0002eee8b8328c0df9de5fc84631f2083fa71086
2222176832,0003b78d58c7f6f7027e5d16d3cc28546c0e6bc0
26950252,0003cf9c5ab0baa1d41d52da893348ceb52f2b2f
145298798,00040bdd447f041a50ae95fd51926cf435ef1eba
2069693130,00040c83033c16d10cfc88780c216e1c9e0bc9dc
2005143485,000417ac406bb7b38aa1cbdb7ebd10406f02bb99
2204340369,00044a527a0642b08f385cda845331f0fc8cbbfd
2191158069,00046a0b1d0b5c1df959738c14ab0e741dbf2b51
6641675,0004a22c06658aaa88124fcc8cbff97edc2501ad
2152469879,0004ba9762178f1c5668b1ff29ae166ddb3a8c3d
2149869703,000559ddec47a6e2f1b06829d1b1c2f73270b55f
2279381005,0005652ac7e1bed2163fa6815bb38172fae80525
38635490,00059087c954c1af6ece33115315e3e0ecc2f2c2
2195639928,00061f6bd4062126de51de0907a6441395a11610
144625909,000621a67fa7b6ca0a0d3240e2e67d0db2581682
34660552,0007199210067951d66ba3316f0242c7946464a9
3245425,000734d25e1952d5dd1d5af66a88fd7e565abf33
1666727061,00078a643ac647bf5c6e5578b6d767158778c116
1700271820,0007a84ca79e7466a52b456e2a03b10f3e590a04
1722055,0007b8b92d6422cb022914a5c626036286eb1a27
39107991,0007e9912276fe176ecca94a91fd1828059c2017
32002538,00091d093ab19e58b2eb7a85ff26354b471adcd2
143701176,0009c4975fcb502a4af0e53d46ec6255c13216a1
2162446116,000a1779aaf160a615b268d833c30cca91f55f98
2180870323,000a76e7a390174ea231ee36e072d20f8148743f
2221574965,000a9f529fdcac451cd35d7303bcc64ea2a9fcbc
2254452677,000ab4c2ff9c176bd4c49b511cbc754b98069b8a
2075291155,000b0a49874832041ffdf372fa976cf47b762960
2109060876,000b2fba3d72d2d35ebe98178d3837eb10cee454
3369856,000b53134b805be72e269cd79463dff4fd59d9f7
2064947354,000b8567d17dd982ae226c29505027ed692911dd
2180774482,000b993633972b81453c47142e8d112be24c922e
2196653485,000bd1e06b5813a19a9317d62d414b4042ce89ad
2160099,000ca433e160c938bdbe61055cad626ca1c0dd46
2225845486,000cd7ac3435007cca292fc8f1bac86b7a066467
1380210582,000d02535797fd8ca7b0f04edcbf356e089a5338
46690737,000d0a52ce890a794b16d3379f96c6cbb7e0acaa
40460371,000dca71877ed893ed8bfd6ad2dcd3a3f7abff90
2198762371,000dd471bc37669204fd85c370bb903987497f13
39740778,000ddbbb741b127f795dd09f748b2c508a54a5a3
2051654659,000e1bc628c0e9f4af7c70c029dbaf309cda6bc2
49504506,000e62ca8505e3a5d04f851a78e0cee6549e4583
15385671,000e83ed6b57e93d6181c62b88062abca0a8aaa9
2057647423,000ee48cf456c2a7e4bd3f91b5d02835bb1a73a5
31148591,000f7c02561b03026cd116541dafb817a98290fe
148312427,000fa1e32c921ee0e5934b7091fe8d8b1b78958f
28974080,001004c3b19c5e1e1989e39ee2e310c74333d9bb
26973516,00100b254519d8923c6d2a8757b5e1b6cb705a8a
2153683263,00102bcb9310a0410ca8462d5b8df900e3352f5d
123539048,001032618456896dd0a618909d0fe443ced9e159
35867883,001095256e8fc3211a3f4016f528e06ffde8732c
2213599403,0010ab98621bd8fa34de6b15e15b9da7fd28b4b3
2174955582,0010dc7c60266211bfe681a3523ccba178865571
2292331557,001130846b34ba425a94443382f5dc7db92e048a
2209041790,0011467a75469d9751eab6897a400de8bd47da95
2151427968,001187617ac53a0ec4ad189ceec4d8435d93fc7d
2302867685,00119aa92647ee2fd3ab8857f24ee7170b94a0f8
15057497,0011dd2949f1dd4232fe1e0e65b36816eadbec3d
113054314,00122dfdb0bec0d49cb82d459b4bc1806dd2bf9a
2059544084,0012311418c5266cf903ef80180193e20a271ecb
2023824880,001239fef06d36c30e5bc7b4d331b2183c7fa479
152270990,001288472fc275eeb035da4ba9bd9ec97ec6e9f7
144714296,0012af1c3e092de5c06bb5338aa462bf6b66c63a
48676147,0012be5d3d625717ebaabb4aa5c7ff854dc16a5a
144760655,0012e96340682203c41c5c2cfe104f2df842f6b0
31837119,00131bc2554ccaf13b29ede648bab5284f56b031
2268201974,0013b0fb32809804b613681381979f61047a586f
2124521724,0014ddccd4b60b7ee9213d5d0b4c3326b16555af
104810796,00150fd38e66d5460bafd5aab90a40140e8de154
2288109320,001535f55c5141c92c939128fc1eb7a90907d03b
2109624445,001585ee486c399043bb3f2ebfc84cfc0014aea8
2265473695,0015dc7c1a56c53b81f2bab77406c862b0384c5d
1471683275,00160d2485f1c934f3cc6e3140b0ddab5ceb8839
36264956,0016162637bf5b5a832426f8ecbb2a0e9abb58ec
2116785303,001680f37d7814ae7ae5ecbc4b05ef0dc782d489
2060429542,0016e12c1080787948c0e9a4dacedc4b5b5ebf41
51170193,0017372ff28b2330352af629d2e4901ec4ffafce
9246981,00173905ef6efc2a0e0d9016f7119259b1f92c7a
2206102669,001763d3ff90cb8e80c8fa0252ef5d4610997268
2148553606,00177fa82254111c4e638f575525bc115858f6f7
114806010,00179e35d499fc9668dfda2923ecbfa4aa8a6225
1790073,00183500ec8f4bf5bbbca2063f958ad4925817c1
2143536543,00183bd0d74038a0eae90ae60f4a4e3bee243293
2171515450,00184199c99e5feed6e1fb52bce3721dcee9f567
150067715,001868c97e5be44f0744345b189937866a38020f
2297639944,00187d19b25733bb719036b272b4d5c79fcde8ba
2068611376,0018e888e83bfd993bc49455a8787577ab28a19c
2163319579,0019a174cf9c82fc7084a3a27e548c2a06e0a8c9
2047360394,0019f7cdf5775759535f04d9c9295c6a3e59b66a
72723327,001a22c61c3b3cbc08b029cb8e460a0735917c2c
2005571617,001a4a6cafe5a0e328aea5d92bec8db9e019b8cb
2109432754,001a51349da8527406031d0afd66701454b9dbe1
1416711090,001a939e1ac64f7280fb08ec7c3e43936ae23f34
2110683490,001aadea594b53e927c98a59b8ed9a22053534b2
2199322527,001adcb8cde649af7213ffa660d66143e8f8ee68
151104072,001afd9704efafc6f8855c1e027c88cdfbb9f4d2
47096909,001b27575f8f83d14a30716a9b5a20858f2f3b0c
2829276,001bc432ea329bbd93d78064e0672953d1497a0b
2110343231,001c1d6ad491c70f93bf3a819888e6c86c996d3f
25173634,001c53724df07454a13e3a8db915707549d9e42d
2190333040,001c66a7b7e45eb39b67b070f1aa9ea90623c588
2273444328,001c7d8d86582b11da522c0885509610ca86007e
2068173472,001c9233029791ce0758c6da5ac09230653fb04f
1429644956,001ce6614288b92f436756e13219135d87cac363
117981018,001d0ee7362341be843d3f3c476698e823d6f7ba
2145762695,001d1f33bdb4133f42138910c79f20a7ed00abfa
7762788,001d86d34a1dbb96e19d0b4487cfc4104ca0e3ba
2166292082,001d9273ad91fbe71c2c32fd926dc213e10d98c6
35070804,001d931d8386f6a63012c2d24da2dd35369bba5d
117148565,001d9b4e71b4031ecf7dd4b7bb6e32ac45102eca
1471263888,001d9dbd98fddf1da4116ae8f147b1450b07589e
1379775951,001dfe6dfeed4910a5851f7270f2be849000445d
2101395648,001e0204a8a1af8258ca424fbf534eb2f91243ec
2004415152,001e1a4380e7b0ffe2ec7fe34c6135b7f416b137
2223920633,001e1ceb2987a681e5627814028ae3ccab4e1e28
1396195034,001e3b95a7814f5547a39d63cd4727fcc288b9ec
152762383,001e3f83098c82c99bde52ae77ebebeecf985990
2146890947,001e8d27211bfbc49a09b646e6fdfdffb798d8cd
2057273909,001eb5709572a014485bbcf1e983442351d05f80
151113774,001f207cc7a80ad08cdbab2b8eca23b0a8618cb3
2144251699,001f57b2f330304224c85d73091c6af31cf91b78
,001f9f243d239b9514d57e233d462fee1529012d
144892532,00213d44e03dae916860c0512025b5f96c3ee231
3295351,00215f32433e4e69ddb5a678b3f02568334d67ca
104515428,0021a4983c11c284b7dcca869e26a64287957ab3
1911979413,0021b5a46bc22b17b2837e15deb1d2460eac4dac
153865444,0021cb24a428354fafe9378363d4a98ba0b962fb
7002272,0021ef563aafe3303abf2452ba322310e07f566b
100627838,002221b52d9c5a1737fbbabe267e327168e0d1dc
2350323332,002244778b685708062e254e6eb00816258eb694
2140204798,0022b137d5128f208d9bc02c44846c8c31163d6a
2128412811,0022cd247a3f8e22faa0eb00f9068d4f792168a8
49046759,0022d7788ef3445ed4b1b047c4b39efe2fe2845a
2012039,0022e3971c043f8f9fb1c2ccd9f78f6b7fd3f13a
2155242880,0022e5a46097180bf7c98c038c14d48631acb150
2184571427,00232b5dcc774b2a5abd48d261a29f505d86a13c
91633682,00233edfe560e68440abb54ec536340659c4e1d7
1393633379,00238985ff4816a79a13c1c6a7fccfe3661e658a
2174182590,00238faedbfb098d84186901ae7015da96a22242
2374542,0023d01ead095ae1ea73c9e4f30468d04a6ad73e
2231502735,0023f28e946721e204b500fac476f0a16ffdc8eb
2072374033,002419348bc4f97db77338d125064c673c4a1ce7
12295358,002423a4ded1758a5a180c6e788d65aca6985767
2115021902,00243626e01f8c8323fad10116a86a0861869dba
7487040,00247f60e652c4e0b009d7e2744cb29472ae9ddd
47992893,00249b0afa216c67eb8913821c332b4e77d4fa4d
2153280096,0024dd062e26e429cf6635255cad30be676b8193
2273150045,00256dfcf329e50b7189d9b1ecd0de9d5a8d0f47
35440261,00258ac5b8c8f71fef238ecdde76f38948fc7f51
2026673808,0025cb357a8d05028fd25e7d16052f2916b48d71
2257036190,00260eda5daa3712ac22b3cfeca507a344a92422
14642674,0026aee7e8054ffd986e2a6b6523fa08fb2c5960
150228456,0026c99e7413ead4a72b6819e15a982ce8c037fd
2244402630,0026d1ce7a798c126ed60ee3cda769631b9dd7be
71940750,0026ea8a0fd31bdc959a4b9ed4d449f3015be8d1
1739358924,00272f6b12f14c759dae2d3f7a82906211e9065c
2221070896,0027b91df1226beb0bee907f1785d5171fff11e0
2072790832,0027ebe30bc18a8cb345c1d3e363bdf89adee7aa
2268075536,00283acbdad795cdfcc130a61af1c0abc0642c2f
1564562270,002891a605352e285834faf7919cec14d49d4a37
2032228459,00289c264d92a367f183180f0ae6fd4312b5483d
2037154938,0028a595d2a9cfdd693befc5939764d4d087da6d
2117102276,0028df26e5831b753f7ae8cdafb379cbd4e78165
2142394449,00293c74ecdedb9afa1a52a8c911eae7a418fd5d
40194122,002973c44f946a629f7b74fee486b61cb3d0724c
2205924025,0029a92215117e0718da565c92ec21c285b0be18
2187255980,0029b6d7f583e0705d1cb9dc16a33bb12a995ad6
2787436,0029bcd792d2d54554e55e5ab503c90c793367b3
41171468,0029c571ae31604aca7afa4378e516889ab118ac
2149624753,0029f0f1cc3913e30e74a1b7aefa27c4e53dd769
1452327949,002aa3db9604001bfb46002e801e326ceb4d0245
2059196521,002acb7f6823d4b486a6865b18238c2fcc520333
2087500749,002af81e9c2ec4361890465809ecdd1dabcaae18
35065845,002b2ec19aa5b181f6248d279d898354213d6e67
80880370,002b59e0a39fe6943729374d38d008d0ef9e47d9
2719667,002b5b830c6c7f312dd82cf936b6204bd4018de6
48201868,002b9ade25df89b6ba2f768ef2c3776bea5bedfc
2123004476,002bd34cd5c4e368c919ce63bbafce9b15a74c30
2267311698,002bdf1493216ebb87abab8c8c82aef02fbfeb82
3482313,002c4a5fc72a30831fc86a075f29eb2e82a41a97
51437071,002ca9eeb8de246f430f8c5ea4b60c5b3165aeac
2275907025,002ce35ca28bb94c55eb36b7c4ddb6fc99acafae
145073672,002d3fe10e8f163f9fe539470d1695286df06e2e
151474873,002e6412f4f2fb0fdf11f2079f86e427258f9337
1409487550,002e684c5f8bf01a331c839a1877dbfdd1fd2610
2099494741,002e7c705d2daee01e5e266c44b24797796082f5
2279953886,002ea114b83b78b24d6ea09092ceac31be4a0ebe
1753708212,002ee699d7a0ea6a44a8d80f8f9b38cf0e793f8f
2284253951,002f0e8f29a89a8c329b6d25b842246b4f45d733
2304178073,002f113dfc7da79cebe811951c70dc7e46f96e18
2775012,002f845ec474602ba7f6b6358900a794ff328b46
2153941,002f8fa765093bf3df096488f409a209762b7223
121189542,003020856c6cfbdecb7f71ca8fb53bfa75e2efec
1748839325,00307d7238dd5f37e1a4f2efe25284cc25adac3a
2196954314,00309b5b1fa392c3eead280c4483ff9d7dda7616
2145009637,0030ebc10ff7acc9fc22d1aecec8017e0ce212c4
2291042419,003141e53c0b25aa6494dadae6c915856a7ed54a
1581453906,0031570aa2ebdbc0a14d6c2b61d7bbc1c38c9f6e
2049101770,0031585d29eaef151d147db6402c2a4812a4d832
2106766,0031661078da778f7518a005e65cf118b9c7820d
2030713966,003186bc4161c9e7d35f805c5c7d7e1a70320a0f
2266263235,0031de25199ce9d85dc2f9fec2198edc02c3932b
2167693417,0031e9cbc9568967755617493f525eb852baad2b
2249190166,0031f5b867aa12bd9342a90d8cc967a9fe448059
2108345188,00323324c7df8cc691fcfe1d3e792c97d156f324
144583532,00323f5d22c03fe67fdfc1ba688f456ad14e397b
2087082015,00327f914b532373b71ba1827d0554bb90bd7c42
2277664254,0032897f2c7d5563861863fc2706650bfd8ec58c
2300783533,00339a085b8529999e9caf012e9d13a2f37e4cb9
1481023982,0034273684a396e46d2d89a91b81dd5658672a7d
2128116524,00342ad7d5b47a585e1d802cabb2837d0c05c9a6
2134270,00343c31b05275828e99e7a9d7f1ef937f6c4aed
3103267,0034bf2df08175a064de5da72dd59df81f421e14
2268429801,0034c126efd70d3bd00a57efc1cd1c4e0ee1f723
2233692059,0034c6da44c3018f61f261cabf38b073c23ffbcc
2092082586,0034de50716005e8bcf857e49b30b5d435a4b0bb
2237265572,0034e0660204c8d026cb4b2abae76d78a3794330
2143004518,0034e7fbecc7fd77fa3f9c8c42fe3c07c0d971db
2335605396,00350241f55767c7c7f7fea4b7880818c76fccb7
2016442074,00357af3c20ea1e5407184f980e9f670575948a3
153119860,0036682d69545e05c05f4252b4ab23cc2014bdf4
2145788645,00366857497aa7faa3e85de107fed457d54d5550
46215736,00366d7fe89a87a13c711121637782a04edf50be
2189765676,003771ce525074f4398d4b88fbdf45dcbab2144a
2003428471,0038069fee6b7a4421dc5ddad8c80a8d5533902e
48379419,00383ffe35dc1a3cc02c0fe4a9a939c7c10d66c2
1625285881,0038b4f00ee1d90b00b7aa05bbe32e77d7c14a2a
2148554016,0038d76cdfb13a539e52975b5b26616bc658e23e
147114736,00391f5b6ea71280adda6af3efb7910ebb6e6732
2163558174,0039303644246458baa4ba8dead9e1f98573c020
2093479739,00397d31e62f6cc63256c59e1553fe4f25d3580c
2162869982,003a2957ca4f7ecb7091a98727939f378f04200a
1809087,003a94076c5178cc7afa4729e32d0ce3075b600c
153899576,003ac96deaefc09dee4446f9c10554fb09f6fba7
31723514,003b4013b059084e443fb896a72962355466bdbf
2115752077,003b982512d9a687ca1c08bf65a02805278a4d6a
2006589459,003ba86f4fb22f6e9c814622e2e50d38264e30b0
2182457664,003c07933c98790b22c3747af2d8fbd6d9a7b73c
2291247678,003d148d4d85eead754fb9b4aafc187e31c18b30
2079202584,003d7e8a84d1b4302d1ff724f676e3f78970458c
9372198,003dadd684445bdeacb638ba0d153e2aad975990
2279490176,003dc406f4e30f364b2a1a05ac000d1c864594d9
2124491434,003de3b656490a0878dbde768d6161ffb48d9729
31741517,003e046b2ac10e333315e206ab3eb7a614d73288
2134980329,003e32c4b9ba3b86560902ccafb723dd963657ca
3305905,003e7f27261127e0e83631cea7f3bdbb912fb8a3
16686130,003e92652f88ef316ad3ba85bf37705716593e40
1684351,003ea162c0c0ef70d57b7f18301f98329b821f35
117113366,003eaa6338513d4fc9983d31bd122d26d1cf4538
2353483101,003ee3155d1c4c4413b05f5bc2af1128f9941c65
2210120738,003f528634735ece46286609f6a074fbfa435722
2112765682,003f8ace8d0801281fc83d2cac4154fa7c2cf281
2121431070,003fb1165c4546010a2c6f9def05fd3449f0bf97
34839673,003fd4c1c8b370de0be5eca6068604dbf8c46a62
8799136,003fffa2e2e871c0a2e78cad5e3700fddc34a5f2
37346044,004003dec2303cd9f5603ea12f595db7d3c16cf9
2013688321,00403bba0b2c17c1a20fb5df77dd9766c8ba6d74
1490938396,00406a27e9c26d2c35ddaf1e105c2bdd77109c61
78563398,0040d93083d808e70bb8f16126891242ff9e5dfc
2116629508,0040eb15c563f86d42340edde37652c7b94db558
2455864,0040fbc24133d560c7de163f4bd7a32e07f9fd1e
49537904,00413d04e2682f222c2fa45d7bf5dc551093ac2e
2285029824,004147dab6dc3372133f551f06d40d0aecc2951e
46182701,004149bf36ae931f5af717f388ea6753cf5ba4c2
88981940,0041a3d33cbc003d0b190d4799d5734b195931b1
2145914940,00428cefd484d8f88238cfd499bc43902738a34c
2143046647,00439eada7c02570c0753ef51050bd175678ecf3
2188873021,0043fd26113ca578a4e9aab22c1a56a59ae7ec63
143627925,004455626f641d75d5e85e9f95b11580e77da277
1905839116,004469473fcb499792fecababae1e1d7326dd542
2244475835,00449468f147c5c0ac3345ffad4018bd36ec92c1
2042181142,004495d9f056b2fc4b7bc80b86b0131bd9ce2032
2110572533,0044dd303afa90fb0d42de800bd658c4fda03baf
116421609,004521e07d9e004d7d38a81c2ae0e8cb0c7feb66
3104851,004546d0ef6a9bb2e8ea7307c25476472b3c9875
2069610083,004579bd50c5010508fbeacdb35de3089e7f5d66
2113998995,00460ea4a5c5b721eea657fd4e17c041752bdec8
34685776,0046141ca425c0434dd678298547bd187940d2fe
1749015,00465aea0a3b94be07f763247dea09a33b1d4154
2057013872,00468aa4374f27a269fcd26628e706fb1ef37e21
2324925,00469d40636e0c4585472a90769f5883162e3ef7
2221558948,0046f6dc4ec8d9576e05c60927934f5723e4dece
31933741,0047110e62edb20e946f6d4e498e2506066c67ad
3074350,00473fbcefa34f7bacb4ab28302eb759914d211c
2081146136,00474034e6df6e21caa04f15533a1d0b82f02812
2282918190,00475e45e3a5a5e0fbb03d6fafd9ee4e728861b6
1419056876,0047d0cad12b452bb9d27d81105380f589085199
40253895,004803f2035c025936c33a5ef4445eba34a339ba
1516927215,00480c39b4436cf8e29a3b483c04532c89696496
12452625,00489da8efe86a12a292a8375950c0debced87e7
35514304,0048cb4bb4a571958ae598afee155cf6a23b765a
2269750982,0048d89e5b5e7671a720eb8d63a163a81738c02d
2217699710,004942e3402c0e267190640edc9e54dc2fba73cf
2154286648,004944b7a9557be8876eb19310d91a421ac4f02d
2271001915,0049679447969abe0acf39448a574ed7962aaafc
50847172,0049fa44c83d72a44e5d886c7206ac61a5cc0cad
35388337,004abb09f8331e8f161049ca7578bbd3011e0f3c
2098601,004abdbefd8b89f866728802f9c659ab2bdd3b63
1471878420,004b1c3f0adfd3aa3fd51f722b1855fb3947b90e
2169012551,004b34a845d747001ba6e9a2e4da2e55e53a5c71
2118155969,004bb7af49501d0d55477b07b170d9c15b0ffc60
2282850201,004bbd2f00372355c5b4bf4085025c9c64de1ad2
114728464,004c298e4bb2c72fcea479a18df6119d49aa555b
34775403,004c3e633109963c63f43746820365e68faff6b3
2261454637,004c8c5e20bf261334d7bca9ddce23c9bc07449a
2072926357,004c9375fc25383cc6c0e47e28b2eba73002696d
2253359147,004cd619ce134cef9cc131ceffa0d7386b06c21d
2219922939,004cdb5b17c861fb3d2a0cb2d362bcc3607ac381
29769833,004ce30de70a9d554aa990ee22533ff73a4faf42
1749353762,004d05ffd04a23acb501ca9c112d7276245436dd
2164098,004e0a73021acfce63e0d02ff0408a9156fe540b
46449736,004e1e48c8b5bf4d159d683d722604ee0ba37be1
2051873710,004e4647b4d1ca4d4fe97657eff7ccf256eb92f7
2187285792,004e6d0f5cc9f59fb70660fca0ba4e17415adc29
2058341952,004e7084b93815402a203240b1d5f5dd6880583e
2262232596,004e8bddeffe454c9d08f2d9da9ba007e22ef0e0
2240200315,004eb90f61a259920118ce5b950b84ca502de1f8
39232034,004eba1eb26a5582dfa70edd08b7112e8b3e6e3d
103080010,004ec2fa074ca529f5615f4c4ded34d4e2fa35ad
144459201,004f4b5bb845cc4b50adec8281ac2350c9eb1249
1410666031,004f598b91f279867948d1036ba4792f9e377a28
2066051839,004fc6090a114ac0983f270c81709b98dcd8f45b
21095615,005086952402e8d77064864a016393952362fbac
52189771,0050941bd14c1f30d3178aa54974ba2b3dfaf1d7
2186998624,0050948b2a62d53f18fea6ed64506aa50ba4ae5c
2255850003,0050c68c7fbdb925533b6ea317ff3968f3645037
2003538069,0050e83ffb1e2281455d2294793bbae715f7aa57
4740635,0050f655ab3754c19af68a14141d6da87e240382
2048016164,00511b1530a5d7c420525f39fe51f5e360fd9986
2183508029,0051ed2a0e219c1ceabfd76d9993ab46297d115d
2108807305,005205d14981faec1730cf9d1ed489703f3f7a81
2268052916,0052431128ba8d5fb066a54764841c7ccb28729b
1919502,005255733d1ce79f3396736ceb474d4c901c4544
2251337900,005271f5a63276e97928ee63bf69538c7fefdd86
2150114476,0052756b1cbbb6890b05b0e3aff107a298ac0fb6
46256784,0052963c46c261075548f0bbd8f645187e21424d
2192335424,0052da94e2eeb75e3cd7ce07b95e4f6b84100d17
89856766,00531cad76b1a083672705b1c82c54467d86af40
2122360764,00533958865d5c7faf1818861ef24f001812fa00
113671584,00537c1d264d874b24dbae5e4d70881b4e80ce81
1845531,0053eeafee79a93f1080c9886462654d53e230e2
41130022,0053f9529c11a98ee907d26b062d73227195aca6
153392677,0053fa08d0631c9e3642852579aa2773c7e79589
1396992658,0054244017d708dffe45ccd0e2978af6394fb5a6
2130878098,0054630486a51fb76c9db83a666d7e03a4fda53e
2268358363,0054c0d91a1438978a2bcf4e8eb55ae3025e5959
2159004635,0054fd46347666df33209aa6e55d99c3df365d3b
2114354781,0055addcd8dbb5f5f5609af16d856f655b0baec3
115452174,00561c0ed7c7e0343581ecbc28d2558a643a2567
1661005406,005620391685b0f218ee208f1842363e6d6d3dae
50843246,00564e1485e0f69a169d92cb8adaf1df701392ed
3428025,00565f3e7354bc9a091920bfe0cc6c2f0f6f96bb
2175370688,0056603e967cc256d5ccdc94826eb9de1e99d064
2117548221,005681ba2b4630022ee0b8c66a399eedbb032ed8
2244494112,0056b6a4406368766c185d0c16a0cb1460005078
145086898,0056d7900756c20194511e9c61cdedacf8d13084
2139757954,00570121839e4393311275377b94c89c814f0d8a
2175377495,005707a44d49983edb14d5c9160d049f2e77ef33
2190891151,00572dafa817672173379de5c5c1724f27bdc09f
9250462,005765a820be2675be45d75a2087a4f034917c70
98538813,0057a4308e5ddc800b3352f8ce49c86dcb2d517a
2162782150,0058693d86bcd1d73a9506eb676e040d1413566f
2142754210,00589024f8ad3945dcc86836a848ab1a28433bd5
102502083,0058b4afeefb3ae1975cc2a473d48d43f8ac8124
2279838342,0058bd77c06fc54f21aea285211ddf0d88a02156
47981808,0058d55104385a904d56c493c2a91723684e5888
1403176402,0058d85ea1fd068d51855062bf529ae772690f89
1420554054,0058d91e8d2799b55ab22233742971fda16d32e6
66596362,0058f7c173ce496b8b009aa4555d6cf5426bfb4e
1471671206,0059bba77e2e46fe2c654b55cccf15759c566c89
2153094766,005a0c8deac91ea4f06eb33c4584125ad293f922
144393856,005a26267d6d3cfabfa0eac906f06d726bb362ad
144842921,005aa972be041d5df51cd0fb0ce6f9d521604cca
2052136030,005ab9d7fda38605373216ea6aa9daf8d0e695c2
120026205,005b8c675c6d8dd294c3800e0a6cb0dd80c13558
2247991970,005ba0b22960b45f854487ad239017d90f4d1f61
88813667,005ba915511ceffd97386271138c901020ad7f5c
3491318,005baabab9daded9783117b652832cc06c18ccdb
2218619706,005c1c6a05377329b742e7f30680b0a37f4e1a7f
71667767,005c28919b519ba56298e1448ffcbcf52b639c57
2116673321,005cc5c91cc73c1197268f27344b70ef2a920a77
152245115,005d3a2a726656409fd6b165ea4ef7b109664ef8
2116452406,005d412af8dd4b60b9f1cf462597fbdcdf955290
2312051424,005e4e2329fed9eb3d318377ff125495000ff978
1977592,005e9918187ac6ebef3d933f1372fd0388975c0f
2204784675,005e9e8110ed75fb6cfd6fa87797a6bb8312319d
2258558812,005efb6c897887a07525889d141ec88887b00fb2
2004787574,005f4a4ea7369b68188d4b8fadf18aa1b27f6bc1
3013302,005f7a00373d8ee538fc5d88254d0fe7520a7f86
2346505382,005f884f2df901b6855da3ca4708ce507b2ef27b
2121493763,005f9dbfcad6283accd9987a709d3ab6bcff18a8
2128120566,006032ecb0ff00a65b4a4a091009911ab21dde6e
2135320947,00606c88730a74df4a7841dfb3ae94aff26fd987
2080054822,00607efe1f9a755be6f4023361d456ede2f2d13a
2166220497,0060c25ccc17eb5b2d1b5a6b63c674684d6d27f4
3341281,00611b219e5b11e5da5be3676f60c5710a72e7e1
1769295,00614a92b5e0db61a70f04f5c9f0897c519781f2
2167024071,006152bed3ad5f74b8a18c50ae9dc2d8733caf57
30177283,0061abf839d2832f7e258730975b9204f522318f
40214110,00624dcee55f3f8d392265beacb1e62935656262
2164011191,0062d2f01623fcf33c29918d1b8baa07d4081e25
2111501238,0062d6fe5ee225866f377e550d8551dc7ae777c4
2109451905,00630c05a4b2f17fb03120b0af09368291ba44e9
2289088366,0063438074bdd787ac4c12d6cca61957d8677eec
12083411,006371f27ff0d029b6fdd8b0d33a48650207236a
69872580,0063f8ec55c49e28c27b78f71c3458d6c0a8fe0f
153129944,0064127698342e0da07ee288ffb50853453ba3a2
47175704,00647ac2691279c4984dad2f9850c535cb88b9b1
2122866687,0064b639732f4329747a2898840c407558666292
39123245,0064d6cc78efe60adc9fca028afeb5e0be1f1e15
2291132619,0066485d7295a0132af6407e7bc669b8bfcc7afa
2141312445,006687608797a367dc1307c89ded8a54a3a7a618
2125594825,0066b91aceb0add30830b7a17259e6e7ea9cf124
143763011,00672e6b4a52c3cdd8d947807a15c8995d7b10e9
1390064576,00676d3e101e120dbf58bd90501ffa6079f5b29b
2108141936,0067983f3d8324e78c17dc0b62364cfa6ac0df26
2118156260,0067da11da35a79f9ff80ecb2198d9a1732ac2a3
4157270,00681c77b2f7311e6ff673c528629e7d1c1888ee
1720768575,0068951933767006cce00c86cdc1a4a836d162f1
2922742,0068dc37c9806c1ebd05f23b65fe45b63c21bbec
34487723,006905c4aa068f500d8235f0fa594becc8f7e58b
2233626672,006a06732cc9ff2701e950d692598cc1d170803e
30638161,006b05072a87bb1574f6599dbf8ee6193ccc2c89
7024480,006b0712143c55ada6ef5ec5f384af4c32eac27b
66607292,006b1942ea3eef213dbf4e16f69900df166531ad
3374900,006b297cae48cfd5d27042ad39701a155cd66dfa
2262013007,006b93c1b484ec6625d466a65f6950d2c68370b5
46910712,006c33c13be9b10fb103b844b409c56f1f63e199
4978104,006c79bc05bd49ed39b1a69195b22b75269a3fd4
2054534580,006cef8cb9f4101690dce6b0fcfe5eee918a75cb
2092175255,006d2078c2ef5a0be7c68f952703d891b94d68b4
2105168738,006d3ef04ee16893972f03e224d461e5da1bdce1
97652094,006d6b2cfb16d2a95e498ba90a8704ce45ec3d1e
89120359,006d9a4db5434e06da23116097dbe7aa5dd35d60
2148228875,006da6de9ee7396dbd894ff4d32cbb66bfdda623
102509362,006da81d47c95ba2548ef038e5b7c57c03707087
2140503585,006de41a838dc88b0b654781ce795aca5344d2d2
1663919786,006e4825bc66096e5a3b2d8255fa2693a6d40e1a
2143431758,006eb1baa19a58df6323528d9ef59edb3e03be98
31055067,006ec1c908983173d2615652afc575dedae2c132
2147344878,006ec449abdd81a8a0351f3647cd21b50e75db1c
50715997,006eca64c9fd2330f7fb168f7b3ac79ec3a40693
35191235,006ed4d4deee66fe538781b20de1e33a26b8961d
2091848234,006ef98cbdc6abafd0b8d941e2a3750c0665a007
11718589,006f733f4a26f45dfe5fa7ce9d84621310446171
112863967,007010384de3a337a464d1ed806c083a53450bcd
2268074009,00702af7d76865b8aa4232aeabdf6e42aed44b8d
143869661,0070997f3305097cce932a073a09e2bed9c8d406
2067075,00717b9aa4688fe69443a42715560a5d17135681
2047242405,0072557a0ee70a182c83ef3ae7d18459b242a03f
144479376,007307c56f4fab0c24f938fe2dc5ce92134de115
2254538458,00732dbc9b74d763d31768c148d1380ffcdd86c6
2051316396,00733624c83051aac53ffa6457e57cb930c3f77c
49121016,00734212436ec5d95f9d1d32f1a67c3cb3792b90
2077388663,007377ba932676d9ffc674e0c77b921e508fb7af
2109253436,0073aa60e68022b33ead9e8ab643f996c8b50f54
3071838,0073f9a960126e285a20391c1fdc891b703fbebf
66517853,00744f790f0ad415260bbc4a7e42b504f3135064
51169745,0075552c4336abfacda2c15c1ebc3507e3f45200
2119392710,0075575a103af7218fc197a74a96cc4114befc03
2151743457,0075df6833507648317ec29cfef8cd9af33b5023
1945224676,00762308e55724e5ebf7712ed46ebca03c393024
2031485534,007660e6fb81c74ebed1917f7706510eb22568e0
1720737051,0076965b1abb823a7cf1f9d01da3d16ebe824de0
11299276,0076c4804dd87f1d2a31b4c7810160cc05eacfb7
3173029,007813a9befbcbcb5b27e820129e320aefd721bb
50874423,00783879bd1c7c206139010c93b50d5f87946641
35031980,00785bba04263584d75de66f2b5f5c5fcaaae4f5
144752961,0078a14db3d78d8f177c32c73c655751a606f617
2327331938,0078d5ba27f6b22e0148a7e813210fe1189eaca4
2274230984,0079135dc604be4391b0f8d72bd81d9f97286330
2219507696,0079e1c49bd03ca5b0dc89efdeca1be468a572bb
2233137106,007a3f633a490bfb748773e3f9f53dc9b6704cda
2153703655,007a74f47b5db6ec0d5f94e2df2f7fcbf6e7626c
71953610,007a7b1abc85d2aceeb86f1a7c2774789ebbac35
2162885880,007abf5ec09b3afcb4b416ef0e58be86b80d4e21
50650682,007af69844f6d20a0feefb3835f58d4f01863b41
145919609,007b1f330e492b17f8f47843d74cd327250c4a0c
145749443,007ba80e0fb37f4176893cdc714502be08e0e590
2202359450,007bdf6e1db8200bb9d502067baa38fada173ada
144336984,007c223e4bbd2b3e5a8396fcc9b1276c09f9a92e
1811817,007c5781f6788ff843b515b6234783d3c9497ab6
2221837474,007c94bc778a3fdaf18cea1981543f47ad9067e4
2534434,007cec11b2092a4d244afcbcc016a44d242ae6c8
31356050,007d061e914c621953b9fa06cd4869193214a441
1454252670,007d6946f1d0fd2f7e3119fdddf656c3a65206f7
2186464784,007d6e6be042e11559022f7a4141a7bb8701f5a1
145134886,007d877a23a72b40a8614010b234d3f5d288fe79
2125229161,007e6dcd62ae2bb3def8bb0a9f4328e247049f59
2111387400,007eb8570f31df474e1ae93bb9039f843b9172cb
2256216950,007ec3051726333e9bee19558e6f19dca31e92c8
51139843,007ec3c70cd471d593f583df13844c37e9ddf5c9
2219830715,007f189ba93cb0ad1d4dcca582eda86190e11712
2190301654,007f2c44b469a787e819c1aff8cecf13c79d2b30
2066656192,007f2de17df925e2bee01bcde1d4d220f1b1ad23
1576916147,007f8f7567d8a14a06ece6520f1113a1eda35ea2
2190134412,007fa97aaf83ee2ec13ad87a95437d2242db8704
66307436,007faae408771a5df78ccf08fbfb40937d5c2203
32704535,007fe6b94d33270242cddb9475fbc6dbc3724904
1572549879,00807b8c98467773b95d775e30c5e1bb2874a547
2124469969,0080df1e29ee1eb2230b0eb9a65d114de4af2cb5
3463176,0080e77e94485de3ced9467b37e1c5676fc398ee
2052512078,0080fc730f518efbee0a064391336538cdd2ad79
2237602991,008227426070a9bd9945c64204c753744edd592b
115482948,008305e2a552b4a445d96e42b9a2dfc7d4f7d887
2056720750,0083332e9308094e8131adbace972a20d02e9f8b
73100404,008432bf4a72ebeaeddfc0e5f04bfc48bf53ff8a
31566304,0084477bfba53f0d181f0b29660fd7f4f79956a1
145685107,0084adf5160f12e16e49fa64861dca120b23bc94
1742365335,0084d3e64f4328aa7e413074eaedfc6712171d7f
144196594,0084da897b13da7c960c5326216886674c395562
2281247548,0084f3cb0a1754272151c5268a783f24bf5676a0
2114852931,00852fd3316c0a48a27eab38db4c6fb32ce1f5d2
2109995435,0085469fa65d628e5400b5d325c0a17bee66c94a
2242872415,008569e98f3ef3596eeeaa23725a0c9c0339802e
40995225,0085ea37c1070a03732139907317eb4d019183bf
4917443,00865df9458faaa52c349c1c502715fed2d43e05
88741566,0086dcd20ebac10a46204ec72ec780ceaa359731
2248899567,008721a83f4e0e5b4f2b8db4bfac9649b92ef3fe
2171746117,0087f12f32abb08a938cd2a8ab9c68688e6b0cfc
1825731216,00880086bcbee54d82d9ad426b03ff295ad74866
74409403,008860e729e48556f148bb39df9e2525d2e788ab
2109784635,0088edc8676c9be2ab468ab6838ab668845f32ba
2150661080,0088fbcd39a24706ad76aeb09e559f3ef525eba4
2111517595,00890ceef1fa7fa42c4eac41d0b295495a173eb9
145700335,008962193eeb2e152245ac10cbde03e9b25f323b
2237544287,008a04598cef71d4a1cc34280d2ea8b26f3f7519
2441762,008a334d65479b5e68073115ca6a3e9ee05c3180
2070824980,008a4bbf0c52fd0054a5b90c6680ccfcc2d27346
2078501022,008a81fd4dea3aee42ddce9a9480e4ac7d0df2bc
2180318921,008c33ad39a6a4f02f7bafec2618da1bcd2d4453
52202093,008ca6ae95e6a88b5a8086bf9fe33f75c138bebb
2216850098,008cbfbc25e5e2e421db69404ff87579f23c82b6
88270457,008d3cc79ada60ac2ca5f7f480c32e34c82b0909
47129972,008e123a6b7df2bd8b4e50377bf663d6094460d8
2249732290,008e6e975b1a633947e2691933439e86df5e9239
2127499640,008e92eb13f08c7abd1bf5b73de1649b58f056d6
2228838435,008ea843a6ce9db4b34c6cc08dd7d37625cf5627
19231688,008f7e5f77e1208361d3f691e67d69287d87a48b
2097136638,008f8d0130db3eb1c9314322c6e263a9230a377e
2143684224,008fead0a1d5d290f0530e6e3fc3b90ecb08bcb6
2190963193,009058d63a7749a1b4a35c8726384a3062dd69fa
38688463,00907e5f776ee8cf14ca480b2ef4765546b99d22
2276539675,0091490e60ced6c9da3aa67ca4dc767c10f574a1
11900703,00917edc641baf9307342ab583d82120df917a02
2112161886,009180525c98d859811f8891c9bf3024a235f062
2117425134,0091a12351ad15cf7eaefc5eaa2ef8f0b19aa5f2
49190839,0091c440552b7bcfc830b8cd8747b856475d73bc
2292328410,0091e4b0e319c323ad528b9c73afe4182a038c79
2068191884,00922905c204767fd93968161afe78208374438a
3238147,00922f26baff660bcf42cdff7c4eec06f38f9d5c
3325667,009263d708119909a506a46afcc9fee5183fe448
2224960560,00927c60fbe742ce6a9c3e3a12bcb2463560ac66
152494319,0092ea6d868c8ddbf8b2e1de0df94383308ebf10
145454364,0093b354f9c92d8eb161877ca317395282a02d83
2187699636,0093bb64b02cb90d0cac537c33f7bb8d1e452525
2118431997,0093de51220636684b9bd511ddd3946a46836ef7
2166504589,0093f965957eceddf5604daf41ea9ae7a48ab245
145584705,009484a6e807ff1532356c71e3ab1310998a59c5
30892427,0095243b6ab63bcbf0a03eb9dc78edc433c4379d
2292447366,00955279de70ebe73e2db9e2ad55c07a71d7f7f2
2217753873,0095b8c47b1f7f02dc45fe5570d2a39690e857c7
2152082208,009644318a324dced3738ef895546779703addab
2048028960,0096d662d8093bf2fccdd306499334ddbeb3b3e8
2206558531,0096de5f24a81dcb2e21dd63652918dc930e5827
2112326025,009767380e55498ea0c10e79825602c27fe9c66a
2128453953,009788d9b126f57b1eb36266ba16b323b3bf6df7
2229704789,00979cd68e729226d333413f5b6af769eda7ae80
2155334579,0097b482f87ad556415c2bf4a06b18288fa10982
74775582,009808688aedb32a0c89c03602cb7b74570c2462
1394687059,009850628621a68c999bfbadc21ac47be574a163
2154490362,0098a8f621736d42032e570ba41b21cb6f05d463
2218349085,009935ee872c20f0f353690fb248b8a7b86a6f0c
1411383753,009945022c328673b597965b66a18731a23f51d9
32473357,00995fb3a1faf5846e10223fd51e57d9827fab75
48048615,009993b2d3b3f52ff4d2fa6709e98198750a7a84
2100942660,009a00683941ecf006979a8c20d570962e7efe4b
15692543,009a1846ac429b35f0b3a02a7989ef4a46e44a43
2167772839,009a26f62bec00fa8449a9d79c530cef57870618
2112681662,009a5f6d6b455b5af325f6853b94b881d9acaabc
2140025215,009acf2e9c2e1cc033d592c0060c28ec0b5320a8
40911807,009ae44e11482c11249c8923eb9ab15ff6d277e3
116725359,009b4bbd856e9cf9d09e20456e19e2eb1bc2ca51
2072945401,009bc43130f70beb719e683bb046f77377642253
1634623676,009c14dffbd7ddb15a266fcb756212a1e72f812b
2292331007,009c1cafc49cbde249662639a04c68628b8a7a8e
11420377,009c41359ec45181cc95942578b39d0c35a138fe
2179677739,009c5162145db4a090babdf6a462dde6504c2949
2115195931,009c5df962801c74ef8080bb626d75ece9135d03
152420631,009c67091d1bb2236f1c2fb5025176afd7abfd7a
3204505,009c69158bdcccc22291af3c5dfbef9ebda15341
2192401804,009cee7060696e74fd33ee0d3a5374341462ca1a
2453805,009d1dc04a393c41762900575226df6879be040f
49916851,009d4316650695e1e31b22b6077392bf652d347b
80983181,009d529aba9aa2f464b6960ceb7878cea552f080
2235681871,009dccec01311332764da14be301f06278c7a368
2119106251,009e031e77db82bb035b7cbd562d070ce9d505e0
81589010,009e2fbb991e98638d6aa17b2f44f8407467f2b4
80341737,009f5229d00856f877f08ccd69ef9ebf23f92a3f
3420452,009f8a8ce4d9076907ea929761a078ccaefed3b1
2076746816,009fe6f97dab81c2ceef8355b4958179bc692795
2563897,009fff1386d7c8f529d8ad41c8ed8407bd65c8b8
2215379476,00a028d166ffe80b4542196f617278dee0bfa16d
1387512654,00a094f7645b529ccf1a305881e671ede177b218
2037391480,00a0ab5cb246dfe5deb0e1bc532e9075c93ac47d
2056772694,00a0af9100a2c5f5f9bab91dc51cec538be767f1
145993349,00a10d98a0cb40c469649b2c94087e36fd02b67e
2162187664,00a124ecdb12e186383ee47c24515fde66d436c0
2255486284,00a1cfe1cfd2a629326953e855e6915f7bb6b755
2223871852,00a1d724565ccbbcb69d7219778ce923074e4ed2
147514806,00a224af275696d3d8bae6dc91e2dea7eb7355bb
1397145405,00a26776255343d43ab3ca936e17fd71c323aea4
2210807501,00a27ad7287ead8da3d6615da8e138e8d83e206c
1574045332,00a302d8f8955f92bed4e8545b72a798d668e7f1
2197556411,00a3107e20814da9f8e8a73c6798ad263b06f221
1735820,00a310b6002a37e1a2ae28767ec958851d7f14c0
1563978382,00a36102c009698878c4285f66f84e827efc4803
2292308,00a41a572534dc5f167c9d83c581341dc8b2668f
2000792431,00a4214c54afd9426997bb91027098b82ce9e1dc
2090041220,00a44c5d7edc36f19f0ef8528bd3c13bdf04c20c
5856131,00a45804cb4fb29bd719bb6c6b6feb96e038cc2c
2143669056,00a46cda99f026f371d189f1b4f025d0ad2a1542
150347800,00a4915f2b407616b293a3572793b0c88c0615fd
46693078,00a4a8931416e02f48932f096f0ad4e705beb0ef
2156072471,00a5d61f489532e107f88af76ac7385e590a6aa6
2112079642,00a5f5c7118176125e9221c717e4bfed75d88402
3505084,00a60c88416b4aba30eaf09d965d9c1767a8ad8f
1402360432,00a62b8df60f14a262861724d96b82f8538f8705
87030808,00a667a4dec9bcb07e331ac2b39379bf92e0dadb
34825425,00a6b4ae4832536433d472d7fffa613dc5a19f18
10996000,00a6e23f911c933ab5e34a590476a21a08fc7509
2310124405,00a7779315069f9afe8b1bba1da82cc77415b11d
2149533258,00a7fabdc9eab59ff1a7bc36eae109ee34fe7a03
79447710,00a81cc33b3ce507a4377cd6500ffe996a2447ff
41019787,00a8b159935ee4092907668e23baa3989992ccc9
87212204,00a8b4f6ed55b44c51f67806911917c9369d5b11
48041468,00a93ca5d77d422359b83de96666672d0257fa8b
50013658,00a944f13f5f02aa84505c5fbb9c82982fca0c4e
2212539718,00a94dc83140b139c0794c4d56293033ef33351b
92145518,00a94e4069e30ad25f966f26f970319770bf522c
2160740074,00a969e596d1612f25a0e5a89ff33a9a5b7bcbe8
2108791650,00a98a37bb919bf504c76769df6152ed16d532ad
2269513579,00a9c71c5b3411fe8391039a3b9a26434b56bc94
2061220509,00aa4d10c87f3da5706ab213826e71c4ec3163d3
1596206401,00aa5b96470f6f25146d2a8d132e5d6defbe63c7
2006306813,00aaa8413195bd6db50da94bc2d7e051ccacd43b
145149760,00aac19f90bf7df4dd6eeaec435c9dde3af20d24
35058453,00aae834a851f316cbe599e6236f33bf8bbe7776
2054069195,00ab030c600d0d730f70b2d34bb862bb00df519b
2315003292,00ab9f3b05d49833fabc7a3d1f371ed2a4361ce8
10128843,00aba85bf7040fa59714db286108cbbe3888e2e8
2274078979,00ac032f2630942f87930c0c385ae96b4147e69a
2240898749,00ac193616f45f5f1ffd9eca1eef6681325abcb0
33460526,00ac50fdbed3592e6c7c63c58413e170785b57c9
2102642918,00ac82663594aea023766c49bbd948a9aaa1db66
2110479628,00ad88431889e2cd19ee03430fe8c5050d3a1afb
2108488352,00add80e93ee9137e9ec6db41038bba59718ee0e
2156005367,00ae7a5984819e595fa9276c34f091ebf0112eb7
1384087354,00aec678b5562500b47f9e05bf5f8983d8c18f2c
2152191455,00af7218f5e1e9d7035d44e2b7573fe4dcb81ead
46694755,00af8af1e7004a47ce077f4011911a247baa1dd3
2191487849,00affa09acf9a8ee100b825ec9645795b34c54a7
2129890279,00b0095ea86f6b632e04cea4099ad2f2af98ccc6
115743355,00b027004d04e296e4eafdf6edd8f45f754a1f84
2164384767,00b05b5e2145ecd270354347476e4271bcb9bf5b
2296859888,00b082f4c5c1e7aee0b5bc351a2a46480454c99d
145809139,00b0aab31b9b0941372af55428bbe471724e8745
35732733,00b0c9015af1df08b0bab112775a429e84b0a130
2328065324,00b0df6b402b6e1a06db764187624034b34b62e5
121253087,00b1230e91d0b184a82d8e272ce6700334dd0683
2164482923,00b12ba1f5107ba1d332f7fddc3653d1defc72a8
51885666,00b233bf6d05c76b4210abed86f24ac3931be5fa
2277531430,00b257163955bbca4f00e172d17329fe97976a84
2073555167,00b262cc555e10c7a3c0df2ece1fe2835d4b9ef8
1491174511,00b275680fe3507df7895d25fe477f545c538e7d
151222164,00b315fc45e19d49fc9d981ff72073fcfbed49c8
2169184032,00b3681f67eec6df8bcbc3f11af4622b029a9cdf
50815741,00b37a181cd07030ce700b7d5fcb3bd838ae7a19
2023746429,00b37f80a049a4cf1693a0614b27f438a7c86cde
2153607025,00b3852bac0a517ebbce02d3e1dd3589fc4ba730
3053209,00b3ad801d0cfa71ae12e332a845bf20d4280a30
5674222,00b3b4c1801d201fb8ead2f064988e6b1deff968
22448644,00b445bcc5c2c31b22716e708865c6baa1cdb370
1416663564,00b5097a312bcbc2fef2a85fad8e8fae851c3d5c
2136790936,00b5827c5b8328c516bfc9f6f930eef17ab5b579
2015104214,00b66bcebfedce47daf6cb4cac50bc192c804ac3
144459897,00b6acb4b31f7f7d0b1a5806606e5801844de04a
2459516,00b6dc41bde903d1175382472891904cdcf13e08
1716806,00b7c382955293d3e95645c203543d3852708b20
72335904,00b823c0abf583221d144c99a1907538238286f9
2291077306,00b8251e2aaa4017333d0d68dd6f8f7b95d5b2e1
24671335,00b8c2ae2408733579b551bedef6cc603b0383d2
2288906541,00b8ec88097a03e18b650bdd142442811d62835c
48149589,00b931f5703cbfb74582d8c6fdd52ae202629ee4
2270328849,00b9467eb6587aacb1215df0dccbb32c28a46a31
47908413,00b9f57012aece5bf4fecc87cce3b3df714690f7
2106613351,00ba019f9e379c1b1f9504e08c376d1b2be65f06
2126202074,00ba97b30ff24d2d33e1d1e261aeb484cdf7d909
2109555237,00bb039132d6970acb0b1113769900ce9de513f9
1413664212,00bb1c18ec31b0ef06feef1628fb5827f726de2d
2259000057,00bb69e27075b58b3d54910bfca5b0998b58da49
2176238990,00bd301992aaf5b27beb1f6a4edded32a3c635e8
2302237013,00bdb628fe99f6bf95a391536287ce8a7bf7ac28
51144201,00be4e7aa8523998e8be4ccd22a0189d736bd0a9
2163033634,00bf3c0825ecfd44074035792509de7f3209af3e
2266611493,00bfc9643b0c7fa719c79bfa8dd330846792c426
2263621773,00bfeea3ddb6b02c94a7873700a88bd86b4c9f0d
1729570624,00c02ed1f94dca0ff875b8898e0aaefffb20d522
2067159714,00c07a9fa9cd95aa2186bc60136d79846080d005
2110545084,00c0887b5b44a5280df1bf41de2582950c3681bf
2046967684,00c0ae2712fe71e33adae73585d1767fe9644513
2122267181,00c0c49036864ee938f49ea266fa5fcac879dd4f
2059027486,00c12e13b73c8e3b2450db89acb1da3683b4c6da
3393265,00c1c62577509298d6f6f75bc8d34725943a7418
2028616474,00c214164356a7597d99c89dad1a9244cfb5ee14
2057230287,00c2167a08327aafe2017b2d7c48fac04349422b
1405934225,00c218225ceeb0fde321693620905fde244a9d2e
2108849758,00c26749f30eac748cfb24ec22fe4fef0ac2b7e4
2289002602,00c2972f0f0a8379d5bbc90b369a1c0bb747340f
2313230209,00c34ff07223155ae773e93d1c07a5d872025e8d
2261290230,00c3d2121a8f4411c789fa97235898b000215db4
2210502776,00c3fad4e9168440b2ee1382b17ccc25cc9cf2d7
2223914802,00c4881dc724db263067801fc803e1643878ca6a
2151750425,00c4cc913002ee9f8205100331292655485b6b70
2144363291,00c4e1abbc489cfeee9e3ec55fa23ad8e9fd06db
35453407,00c5048de001dcf853ffde9ea91c3f6ad78920f1
1840451504,00c559c6b605879dcdafa18adb8941d5485671e2
90253557,00c55d38f347f9f4dc590b4c97fba6e82b047ff6
6182073,00c585e47f3c5fd20c5b94810b321246c032e9a8
46229877,00c5abdffe51ab33e745e6804d4821ca59db52d8
2000948385,00c5b81539df6c9160b238955a854b0b24919aca
2064406391,00c6164ea6698fa8e77106871d77fc1cae1b1eb9
103458788,00c657e18a808432eece481a4c8f397bd595d96b
2110604302,00c6b956b754f54898101dd19330cdadc9e0c483
1861898334,00c77380005196194dd4f5628169645fb185e163
2118142002,00c79a0ac1f3b4d947efd71219f25fc555adc19c
2110762096,00c7edb504ec6dc89aa427c49cdccf59ca0c09ce
1470737705,00c844c0879cd7fecafa07c470d224ad9ef9ad31
2271029787,00c8792d80ed9ff3a1dadf29fd582f515bc264ee
2220776544,00c9341cc9310e8d5404797300237c127235b687
2220802616,00c939869e0b7e2b71bd3f3df509257c336d62dd
3011967,00c941f2f6b1e5180a6ad2823046e30241de6113
2111106165,00c97821a38ac3a5fad42b9fc69ac74f35244408
2139597027,00c9922edc4b56331c23ff7c5df3fb2df691310e
2112765862,00c9afd63f647ed348c34233fe3e6b0f979c583e
2119151803,00c9bef87749b0bf9a0ec8e19c1ac3402e237d9f
2113831729,00c9fd018c996e9c55b46d3484e7815ab1c75b01
1720957389,00caaa046b300d04d3fee4443bb7f4d9ef64fc5d
2154302148,00cb3db228a97e06357abf97c0311d56d04e6992
1903785426,00cb530824753c0ba2f06105b9ad4e7ae03a2908
35258676,00cb7feb3fed6d9116f9f4b26af8ce66968bc27d
151068488,00cca9d4b73dccbc26eaf8645127e31b24d0e021
51209797,00ccd7aecb97947375600e2dc71bfff348d3da26
2207708586,00cd40555c4206f6b5f478041f535e25a5a82efe
82385994,00cd4ee88ffb90567456b8da6512f2bde7187aad
2281983443,00cd59d5ed0f94803cb0c829cf38741d9da32f5f
144813982,00cd5e8c241f4009c8c5f2d22f900c8aca115b75
121326521,00cdb2f9d3a008da8bdf15f44d45733e92dd622e
145313246,00ce0c92cd779b6d4c97285edd80d9fb0db73bb2
2285248415,00ce17ff753bad85b671c9cb3cacc703b8cebc3c
114099961,00ce2c2574c82e07febc3a03130bbd9b107ed393
2179384633,00ce46372280227951b987266a46cb0b898c7ec1
2215549878,00ce4e94f44bdf1b2455a76c2fab50aee3f93ba0
2268816303,00ce5829a509d4532035c4d7c66412ba704ee6c6
32073622,00ce8ec96bfb307d691775dd286586a4738dfd61
71108866,00cedbe34f49adfee3baa96ff4cba79d4d876edd
1748108610,00cf0300040b33dbc8696171378f98415e7ab9ef
2261600302,00cf286fb54a1c979b9df75fe464b0bf4c39977d
2182596408,00cf787add0f7b31f5ddf41d8d9ece1eb4af46ca
2214967253,00cfea9dcf6a6ebdcbc8ab2d3d6b02177e339bae
2069861076,00d0b95371313d9e78e059c19359bc05c8b9cf6b
2098647965,00d100a0919de7bbfea4213c64c83e4d65783823
2256600057,00d134ae5b61996bc68e61595a5a1555d2f38fde
2267880678,00d1450c54b09e7b9d1d9e944e8bcff97ebd4aa5
41154424,00d15637f69d043c64f3d8736930688511819736
40178479,00d232058962c3a70245fb715739593199a84938
35329789,00d2bd93f8a481e5d182bff419a70bb90788f342
2261851884,00d2daad27d2b433a7b2c0434c6827fe578c165b
2215016757,00d3181256cebbabf50bc8af990ede4837239c0e
144590341,00d31bb4e3143775b7d0ecbbdecf057d6a859de5
2218195989,00d35671befbce1046c58ab12139c448298f9b44
2159668392,00d39386a699a0a295517b47c48e07407aad3dfe
2153454722,00d397479ab3e18b5957a8fde71f8a63154f092e
40515722,00d3b4aacc5cc95277f7e3e0f560d79781a4e65a
4284210,00d3fe20fac2376ee1fffe848cdb743f497ea9f8
2115249308,00d41dc29708a504c6e5d4da34d9dc7cd1e3eee1
2130058253,00d4328a7c935fa048e1b3e7d62bf4ec07093a60
2214771355,00d44e38d33314d5c4586ee6ddc5e1adcfd600c7
121833626,00d4898027697283f4ef77e9cc418425ef679cb3
103753050,00d4d065630a7501dad4d9e629058496ebd71f02
6259031,00d539742de67d125e9f73433e54ebff9d366fba
2117569565,00d5ee5c590720b25cf61f0fcc1550fbaa87876e
2118309060,00d66651d795e1ba7dc5240ec4228aa852da9568
2164196208,00d676aeda2cb24be26e2b86a2f4875d42ef7844
144153882,00d697ea70e302cd4d544cb5da1bf551185c165a
49558131,00d6d722c82ea5a708ad9a3fd772e258534927d1
2120233310,00d703543b6e1df3e2299e25215886f25687bf89
1382001459,00d717293843d4a842c358730bc4f067e8f4ace4
2291765581,00d749f1c98b33b635114b4d25fbaf212fe5eaaf
2269424700,00d7862ba1fb126aba7fbf30ce9cf806e15fd15f
2161609842,00d7e06fb7b435f5eca097b8d342e35392fb3a0c
29852572,00d7e58e16498c6a970005a6177a3529a7beb7bc
145127870,00d828af1015906846450047af87cd65d01fddc8
5860158,00d838e9d235bf1397dde0107b97d9b90f22429a
145610046,00d9537d0f08104465231a3598dcb7eb181acafb
2182449703,00d957eaab367d9842cd0db5c5bb62be0047c8a3
36097612,00d9b5bfaa71c58d6a0ab46a0e37412858c4ac4a
1688673,00d9f928a5b3ba979a24b7c96b4aaa0b1312fd94
151392402,00da1c1a673220bb1bfdc507895a893ba7dd1ec3
4097526,00da304e88e75ba98f8207f0b046068ecffc8f3f
2185976735,00daaa63575af068f2c1c58090c2ce61a8d7dd65
9207514,00db70d23c8196eafdc3a39db61661613f3bc6b0
2273235655,00db95188df0b491a1e1dd9dce6961dfdc937195
38276523,00dbe18d9fc47565ee3ab3ee6354d027f1d80f2f
2287305379,00dbef0e7cdf1cf8885a0c5f9f372bef516d1279
2186740596,00dc442fe036e3732c8066cbeb44df77d495dec9
143841156,00dc942bacbb63deeaf8bdf7124c23e83db35da0
3097768,00dc987d9a4c5948c165330153888998e8a13ca9
151487159,00dcb9b46b847a57fc9f0fc6d88d7676df972992
9276327,00dd0421a17f96591fd2e18e5b7cb97e5e3316ca
2277530592,00dd13c34cd7c95c465a83ce11579fd66cfd23dc
1977592,00dd7d41ab28a359ddbfe307a7118a64c1410e4f
1621882275,00ddbdd7b7ff76cac8e954d9c6c5c72ccc33f2a3
145174828,00dde7b7fdea457b8252f060f0629f98dc9729e7
2153992897,00de256aef3203f55a9ea91b029bdf7375f5b2ca
2149573186,00de2da41c94dd9007ef2c10f3d69ef4bdac24eb
2120325298,00de4ceb2b3c3345bc27fd17b7886ef13825f6e3
52050098,00de935db24d3226433d4f341cc991e15d24b67a
2211915863,00debc0ec596277b8c0dde24e8cfb3551ffae939
2265152609,00dee068394c254c20ab41ec1b26e1b5038ef020
2136037114,00deec259516ae58c3290a7ea5e0cd1fc6ef90a6
103428990,00df539c7808171f03bab068b25b9175af35269a
2112388565,00df53cac192a778c090cdd697c77f1b2ab7d01d
34176020,00df5cf0d83c48657d453ab8083d8805a67f744f
2108333393,00df6c13517abad26cd5a8fcf8e78f6b62beb5aa
2365454,00df94f69c56d2c4847827f1f6fbc5b9b5aa791d
2241896547,00e00af1983f484f9870b022282e64fef09b8a8a
2006289624,00e04d635cdcde1355c78878207dc09b67f7945c
2182521813,00e04e1493ca2346f1bc19865099d3bb061d532b
2289127531,00e17d24f228265cd11e92ede1df6e904c3bf035
1390114778,00e1a9a1b07405d66a0019c709e1f1f8e863a168
46178062,00e264b61e54e39d5819a4c903f2c515dfab3fae
9533249,00e2931b9bb39ea971906a16e29462b4230310c9
122610380,00e2a5b917d2f2a2df9fb34be541daee48658b11
2122195704,00e2ad03dbb4c9f936bf637724fb7979abccaeab
2244004662,00e2ed18e3f20dd7dec97d352d9ce7823f3d7e66
2502922,00e36bf9efd37498e85cb01a66f7ecadf4baac00
2257425751,00e4558e7a4a78c4f4fe0270a477067ca04cec6e
9323672,00e45b1c655345a954c7efad6e6ad770c70f899e
2147302685,00e54211fb83937c0a37196f5cdaed5959116499
2190663521,00e57adc1b87b90d73ca62334b534b250ee92382
2041700961,00e5ce7bf391b5c281b8cb21e07d28e0529050c0
73488601,00e5d801f103f6aaed112406ee081e55e5d1f8e7
2265748773,00e61add8c4f41322308e394036a7243aac2e4e7
153618912,00e6563b4b8fa21b76fb199b60ecaedeea542fce
2101200151,00e67911c11e62b79b5cb05ea1366e7b89cdee4b
2140392044,00e6d10203798a10f68e534d7cfd24613874497d
1572165293,00e716794adcf29160c38770dae1f2d8126654b1
2274876422,00e7556db01f9d95042a7dddeaa0abf01f4865aa
2111132846,00e78c4990952287bdd3dbd63b4075f0975de4d3
1898360,00e7a8c59082af810a5fdbb52af216bcbfcfd0ae
1403311014,00e7e9c4f96b8d32587f8ca15f243cdb68fad78e
2143617605,00e80686c4c709ab158fc8f1a7a9117d0fbfa723
144038779,00e82a25071e9df42b2fa7b122cc216a9699bdb5
116462663,00e8f6b1eb5120c2d071935206d5e30e5ef662a4
2178795637,00e8fed3b349a90a63775ce3f3e44131fe2d8931
2062984738,00e91d63c68b59ec0939da20062fdae42cab529c
2268493512,00e9e1ade331ddfd842d59b1203632980e37b39a
87426634,00ea24a6f15c450002a8665dfc806c753a4b3892
1490776969,00ea7ea8559e71ca82cbcf96f8c364ae568563d4
2170940957,00ea841e2b68137965245678d1749dea25b164c8
2228590261,00eaa4d6330a72d5f3e39ec0159fbb0f3ceb6fe0
101729007,00eac8caf6e350ac5025afa7f725dc793e6abdc3
2145229079,00eb7bc606cd7c2eeee44a8c090082688bcf2e0e
2057864334,00ebc1c401464db6fd4c2e2e0f0f49c9d3582be7
146013635,00ec9c6c353bc66af71af165f2c2a498e4efed41
51183994,00eca0ba653718274f5b0593a06dda278759d534
2113296622,00ecb882e96e34cc4cd08bc07829976fab10cd67
48011080,00ecc2d65d65670f2e693316304a7823b66e439d
2116647767,00ed1c9a410ad0d25aba5adfe9341f22d2d7d083
2042702636,00ed2b2a0ff9474ab45bd54dd3730638a08a94a2
144430526,00ed2e9951f77b0a89deb7fbe457247614dcfa84
121296049,00ed5b21da7c9f830ff0e64774110344305ac7eb
2143078456,00ed7f6690f2174e0b63b967af3e5197713a421d
46365617,00ed9f77df69c950dac4c0b01a1ac957003a4b0f
2065383725,00eddaae9557c1c9297b5a96bbe428e3aa1be6fa
2276017714,00ef361c14dc7980af7987606f8a03b04890d8aa
34693493,00ef40e9b976f52aeb3395e99ae6b0c2f4e34050
2144251699,00ef56f4b0dbbb3697bb30f03aef3fc7e17dfbad
2049054624,00ef71115eac25c3b536e88bf95187db8bd16103
46206920,00ef9f30f7efa6c21ae74cdaaacc4529ff2a10cc
2174673069,00efd20ace8e818606adf59560e5e7c340127623
134584727,00efddc1440730c8b180c941c146fa4ea3f64f42
47987272,00f0088ec84659600dec03e1a83b13f87c80a0de
2126914214,00f0189f92d4f01fa835c69732445c3e139107da
2108227223,00f03bdc9a686dcb53c1dfa2f98124c0e86bb3a5
8777021,00f0590e18685199e5cbb9a655ff61128ca529ba
2124575579,00f08c81cf7a969766cc2956f037f8a6a781950f
145074286,00f0937a98f6ffa9e82831dac276c8beb16b3954
2221125283,00f09c67d70f66526d781791773ad3214a00833f
2184789367,00f09e26788c248b3f213eccf06a146f2278f33c
2274728003,00f0ec1328611f1cfdc612c6de3e4a80e2b1daab
2149852707,00f13c1bfe71905e9f1133e4b3f06861f18e0b14
145388022,00f1ceb620a7f063daa182feb7b1c8e1cb06b4d7
1490676863,00f2265db674002abef5a623bee5decb31c89378
2175408085,00f304afbdc68db86ba86b3462c8dd0f129faf99
73672123,00f345cd7596eb5d80cd1f6d8365285775c9ac08
2200542387,00f36106ec0cbf4e240de7fd116ddc33bfbff058
48210662,00f3ab1d29f8082738214e80b8b795f3e59e5d03
2068189111,00f484ebdf8a5a6fe20c250c563b797d1f1d209e
1388358796,00f54c753963f2ebde8ade314064b4737ef977d0
2108071096,00f5803c06ed839aafbef380915b61923d9cdc41
2023745201,00f61c73d021b1f491f085d3e3d75fbbbec0e796
150265737,00f640151040c9e29fe867b6554c8ec707730bc4
2214484041,00f65daa1cb51bc711f8130ed5461e9228283a64
103604977,00f71a408535cd7e6c561398840ae57fcf68ab68
1811895,00f76372e9bd6bb70dd49881ed294e378197fcd5
1403756222,00f7ed984ea5f51c22c641031adb2f3b2c0b2846
50379241,00f7edd0a6a7400356a3f5fd37076b68e22fa4a0
40914230,00f7f44dd03ef0ff666ac47ead5970dfa8273465
5996724,00f80210bfebf72e4f04d16aa32dbc758732f9fe
2009393985,00f817a763ba3d659a08e220c59fd5e2986f9f1a
2243986673,00f83ac33b9fab9ac638ee7eba4e24052456ccac
49707058,00f86a944d77f32d352a766225b4e15491a8f33b
9450183,00f8881ae46fa79387fe6785f04578985b26a588
2139400988,00f899ec60300ca972962e6014d63b4ea835ef38
8087194,00f9256415a6db21b0778b627dec626241dc79b1
34143757,00f9a00e1321c92f8c1664e5574719fe85e0b61b
1399215752,00f9a0989bb65614dc7beb1c35e63156f7d15802
10786669,00fa213314d8e7ee20201a051c3293c16ff549f9
2159007083,00fa3b82f476889110a97b1807a0d1ec3314e9f8
2076700869,00fa84ae6e881a0090c7c1a9241e06d4bbead3fe
46826406,00faf75d54636a1e34b8953b0b7b188f844b877f
1753651623,00fbb73c964d79cabcecdc80698ddaefbe479d3d
115398198,00fbd98563e635c1fd07b4d88c60009bd12f332f
3089521,00fc06a3f85022dc1aa9b7fb71c21cb3162f5611
2328724,00fc3d3aa9575688c9977c7c632a370f2b034d86
2162968862,00fc71778398cd70ca6d478d3f77893b3ea0940e
79828215,00fcc6b694b4d4f966598f7c10f4e033075558de
1492140883,00fcd516fd78f6d8454e6b69eeca2838312a184b
50622126,00fcee0c71b822cd2a12783eb167024b9668df35
2633038,00fd7374bcce1e5720f23d70d63824b557af47ce
145589248,00fd77260aef3c84364a6e139b97e72ce26851e5
2220359528,00fd8b2d8bc1fa565568fc3d6bd50486d5c16db0
3138328,00fd9e2d8be053ca5176d9a4383f45175ed0778f
2213100681,00fdb503bd8eb5e5de077859b69dfb553bdc1b6d
2124229279,00fe331e09b03e41fa2a1812b4096759fec4939f
2051986676,00fe60c53fc65dabfbf37e2dfa4416834ec1823d
1410129157,00fe874338919e823f69d4bfc31c69c389531189
144748392,00fe8c81e7ebee92728239cf46338dcaf502ce1f
1574779741,00fec7edf909505a95339a60f03a9977667bcf64
1923608525,00feccc4d1cc203244f96a7bdffd056d15b56a66
51887339,00fecdc978b068bd75bd81117727d94f6424f343
2169715864,00ff0e85e6563c622b86955c597e2e5503c19f0a
3278356,00ff4ef7fcec066e8100796336ea87f47fe850cd
145251494,00ffd056f64961f3e975982bb5d11256c3af20c5
1659142729,00ffff396b72238b93adc772f8c03c19dc7d3e71
2314632064,01001967074fee0558303107596cea7f0126c9fc
2387161,0100572ede9391fa794daedd3d265a7532aa45c0
9614768,0100641a1f24be215b0c821e460f34f47b9c9539
2117860844,0101219b335fe4d59cf23aa28077291843cce9d4
2629922,010125dfbeaa46bf25a6f7cd024d1d84791eec94
1762580,01013f563006c88d91b833335c64691162c13c6d
50847614,0101e52da35f65aadf170a30d76ac69da4a6b9df
2118525361,0101f41200a0fcc2331cd4d0c7cf7d1b5638067f
2147454496,0102aa65f441232200ba6c36247a982479ee3c48
87847650,0102ce0a21e7909f89e2a22bcf20657bdb4258be
1726081,0102cf6a9bc3d43ca415dc23f278152a3d9e7340
2221373715,01030ce7d98a98236b5b903611e634bba046f0e5
2274850787,01035ffed2652229da8ef413bfb562a2531b8fb8
2267333476,010375c302f27c0623f0083fc0e8e858070dca93
84252022,010389716b7cac606cf75cea0a69464b5bbe88bc
2060751726,010396d913f01aea27cbede1f76a52289845f390
2386423,0103ec4db6ddc3cb70ed283d7c76580e37f94a25
1398673817,01042d4b7b5538be797eb8d6b65ac10ed249ab00
2122585492,0104447752343ed24b998b44f94b71fdeb0d3712
26407797,01051f401b82323d966c102d0f921e0f45e2a07d
2214055435,01052e9221bf5999639f7dd6e1bcd32a926de46d
2108525754,010533bd9066463c364136a5a4b795763e08f828
2105923871,0105357320d52d249a9b743afa2624f397d5fa12
